{"geo":{"area":41285,"density":404},"econ":{"ptax":0.28,"ctax":0.19},"budget":[0.20245398773006,0.079754601226994,0.092024539877301,0.067484662576687,0.11042944785276,0.067484662576687,0.067484662576687,0.22699386503067,0.042944785276074,0.042944785276074]}