{"geo":{"area":2794200,"density":20},"econ":{"ptax":0.15,"ctax":0.25},"budget":[0.076923076923077,0.22307692307692,0.16153846153846,0.092307692307692,0.15384615384615,0.061538461538462,0.053846153846154,0.061538461538462,0.069230769230769,0.046153846153846]}