{"geo":{"area":435000,"density":56},"econ":{"ptax":0.65,"ctax":0},"budget":[0.18556701030928,0.14432989690722,0.12371134020619,0.020618556701031,0.041237113402062,0.082474226804124,0,0.10309278350515,0.14432989690722,0.15463917525773]}