{"geo":{"area":88744,"density":67},"econ":{"ptax":0.43,"ctax":0.83},"budget":[0.068027210884354,0.13605442176871,0.15646258503401,0.08843537414966,0.10204081632653,0.054421768707483,0.095238095238095,0.034013605442177,0.14965986394558,0.1156462585034]}