{"geo":{"area":1923247,"density":23},"econ":{"ptax":0.3,"ctax":0.15},"budget":[0.18269230769231,0.16346153846154,0.13461538461538,0.048076923076923,0.019230769230769,0.038461538461538,0.096153846153846,0.076923076923077,0.17307692307692,0.067307692307692]}