{"geo":{"area":760000,"density":1500},"econ":{"ptax":1,"ctax":0},"budget":[0.046296296296296,0.13888888888889,0.23148148148148,0.092592592592593,0.092592592592593,0.092592592592593,0.046296296296296,0.092592592592593,0.12037037037037,0.046296296296296]}