{"geo":{"area":175020,"density":150},"econ":{"ptax":0.1,"ctax":0.2},"budget":[0.12121212121212,0.12121212121212,0.12121212121212,0.060606060606061,0.090909090909091,0.090909090909091,0.03030303030303,0.060606060606061,0.18181818181818,0.12121212121212]}