{"geo":{"area":242500,"density":297},"econ":{"ptax":0.32,"ctax":0.25},"budget":[0.27210884353741,0.12925170068027,0.19047619047619,0.061224489795918,0.054421768707483,0.034013605442177,0.068027210884354,0.047619047619048,0.10204081632653,0.040816326530612]}