{"geo":{"area":234821,"density":36},"econ":{"ptax":0.2,"ctax":0.45},"budget":[0.033783783783784,0.16891891891892,0.16891891891892,0.10135135135135,0.10135135135135,0.067567567567568,0.054054054054054,0.067567567567568,0.16891891891892,0.067567567567568]}