{"geo":{"area":113721,"density":103},"econ":{"ptax":0.15,"ctax":0.2},"budget":[0.13245033112583,0.099337748344371,0.1523178807947,0.13245033112583,0.072847682119205,0.11258278145695,0.052980132450331,0.079470198675497,0.079470198675497,0.086092715231788]}