{"geo":{"area":401028,"density":108},"econ":{"ptax":0.35,"ctax":0.15},"budget":[0.28930817610063,0.075471698113208,0.081761006289308,0.050314465408805,0.081761006289308,0,0.088050314465409,0.081761006289308,0.056603773584906,0.19496855345912]}