{"geo":{"area":4242401,"density":27},"econ":{"ptax":0.31,"ctax":0.24},"budget":[0.12658227848101,0.20253164556962,0.11392405063291,0.050632911392405,0.037974683544304,0.063291139240506,0.088607594936709,0.088607594936709,0.18987341772152,0.037974683544304]}