{"geo":{"area":160558764,"density":109},"econ":{"ptax":0.05,"ctax":0.07},"budget":[0.14102564102564,0.11538461538462,0.12820512820513,0.12820512820513,0.12820512820513,0.064102564102564,0.012820512820513,0.038461538461538,0.11538461538462,0.12820512820513]}