{"geo":{"area":76657,"density":380},"econ":{"ptax":0.5,"ctax":0.56},"budget":[0.085714285714286,0.12,0.12,0.091428571428571,0.10857142857143,0.085714285714286,0.074285714285714,0.10857142857143,0.11428571428571,0.091428571428571]}