{"geo":{"area":742600,"density":51},"econ":{"ptax":0.32,"ctax":0.15},"budget":[0.13888888888889,0.19444444444444,0.13888888888889,0.027777777777778,0.037037037037037,0.037037037037037,0.092592592592593,0.074074074074074,0.2037037037037,0.055555555555556]}