{"geo":{"area":90000000,"density":522789},"econ":{"ptax":0.06,"ctax":0.1},"budget":[0.13411078717201,0.052478134110787,0.13411078717201,0.072886297376093,0.17784256559767,0.061224489795918,0.14577259475219,0.081632653061224,0.020408163265306,0.11953352769679]}