{"geo":{"area":852,"density":20},"econ":{"ptax":0.3,"ctax":0.2},"budget":[0,0.25233644859813,0.18691588785047,0.093457943925234,0.093457943925234,0,0,0.093457943925234,0.18691588785047,0.093457943925234]}