{"geo":{"area":93628,"density":413},"econ":{"ptax":0.5,"ctax":0.7},"budget":[0.15789473684211,0.26315789473684,0.21052631578947,0.052631578947368,0.052631578947368,0.052631578947368,0.052631578947368,0.052631578947368,0.052631578947368,0.052631578947368]}