{"geo":{"area":500,"density":5050000},"econ":{"ptax":0.75,"ctax":0},"budget":[0.025,0.125,0.14166666666667,0.11666666666667,0.10833333333333,0.125,0,0.13333333333333,0.15,0.075]}