{"geo":{"area":2836250,"density":37},"econ":{"ptax":0.32,"ctax":0.34},"budget":[0.14712381043053,0.093737479520959,0.18110017573298,0.093737479520959,0.065608301895774,0.038692990911868,0.16383629461257,0.089274734516258,0.054072601919179,0.072816130938922]}