{"geo":{"area":3003525,"density":63},"econ":{"ptax":0.42,"ctax":0},"budget":[0.14655172413793,0.11206896551724,0.12068965517241,0.094827586206897,0.094827586206897,0.068965517241379,0.077586206896552,0.043103448275862,0.13793103448276,0.10344827586207]}