{"geo":{"area":110994,"density":65},"econ":{"ptax":0.15,"ctax":0.1},"budget":[0.040650406504065,0.065040650406504,0.065040650406504,0.1219512195122,0.1219512195122,0.1219512195122,0.065040650406504,0.16260162601626,0.16260162601626,0.073170731707317]}