{"geo":{"area":603628,"density":80},"econ":{"ptax":0.18,"ctax":0},"budget":[0.068376068376068,0.098290598290598,0.047008547008547,0.08974358974359,0.10683760683761,0.11965811965812,0.081196581196581,0.085470085470085,0.12820512820513,0.17521367521368]}