{"geo":{"area":4400000,"density":160},"econ":{"ptax":0,"ctax":0},"budget":[0.0040983606557377,0.040983606557377,0.40983606557377,0.040983606557377,0.040983606557377,0.040983606557377,0.0040983606557377,0.0040983606557377,0.40983606557377,0.0040983606557377]}