{"geo":{"area":928057,"density":22},"econ":{"ptax":1,"ctax":0},"budget":[0.024390243902439,0.19512195121951,0.14634146341463,0.097560975609756,0.0048780487804878,0.073170731707317,0.034146341463415,0.097560975609756,0.25365853658537,0.073170731707317]}