{"geo":{"area":301,"density":209},"econ":{"ptax":0.38,"ctax":0.28},"budget":[0.096491228070175,0.10526315789474,0.13157894736842,0.13157894736842,0.1140350877193,0.052631578947368,0.06140350877193,0.070175438596491,0.10526315789474,0.13157894736842]}