{"geo":{"area":284000,"density":65},"econ":{"ptax":0.21,"ctax":0},"budget":[0.081632653061224,0.10204081632653,0.10204081632653,0.10204081632653,0.10204081632653,0.10204081632653,0.10204081632653,0.10204081632653,0.10204081632653,0.10204081632653]}