{"geo":{"area":2269665,"density":1},"econ":{"ptax":0.45,"ctax":0.32},"budget":[0.08991008991009,0.11988011988012,0.1998001998002,0.0999000999001,0.0999000999001,0.070929070929071,0.17982017982018,0.04995004995005,0.064935064935065,0.024975024975025]}