{"geo":{"area":1256,"density":100650},"econ":{"ptax":0.5,"ctax":0},"budget":[0.071174377224199,0.1779359430605,0.1779359430605,0.1779359430605,0.1779359430605,0.001779359430605,0.001779359430605,0.071174377224199,0.071174377224199,0.071174377224199]}