{"geo":{"area":338424,"density":20},"econ":{"ptax":0.19,"ctax":0.24},"budget":[0.040322580645161,0.12096774193548,0.20161290322581,0.080645161290323,0.12096774193548,0.080645161290323,0.048387096774194,0.056451612903226,0.19354838709677,0.056451612903226]}