{"geo":{"area":255800,"density":2},"econ":{"ptax":0.65,"ctax":0.85},"budget":[0.15625,0.046875,0.1171875,0.125,0.1953125,0.1171875,0.0390625,0.078125,0,0.125]}