{"geo":{"area":231546,"density":272},"econ":{"ptax":0.2,"ctax":0.11},"budget":[0.16923076923077,0.076923076923077,0.13846153846154,0.092307692307692,0.13846153846154,0.092307692307692,0.061538461538462,0.076923076923077,0.053846153846154,0.1]}