{"geo":{"area":385178,"density":19},"econ":{"ptax":0.45,"ctax":0.45},"budget":[0.03960396039604,0.16831683168317,0.12871287128713,0.04950495049505,0.059405940594059,0.03960396039604,0.03960396039604,0.04950495049505,0.37623762376238,0.04950495049505]}