{"geo":{"area":4706385,"density":30},"econ":{"ptax":0,"ctax":0},"budget":[0.23076923076923,0.15384615384615,0.1025641025641,0.051282051282051,0.051282051282051,0.1025641025641,0.051282051282051,0.051282051282051,0.15384615384615,0.051282051282051]}