{"geo":{"area":275003,"density":156},"econ":{"ptax":0.1,"ctax":0.1},"budget":[0.21428571428571,0.071428571428571,0.071428571428571,0.071428571428571,0.071428571428571,0.071428571428571,0.14285714285714,0.071428571428571,0.071428571428571,0.14285714285714]}