{"geo":{"area":1995909,"density":204},"econ":{"ptax":0.6,"ctax":0.8},"budget":[0.058823529411765,0.23529411764706,0.20588235294118,0.058823529411765,0.11764705882353,0.058823529411765,0.029411764705882,0.058823529411765,0.11764705882353,0.058823529411765]}