{"geo":{"area":449604,"density":82},"econ":{"ptax":0.42,"ctax":0.2},"budget":[0.077586206896552,0.25862068965517,0.13793103448276,0.025862068965517,0.03448275862069,0.051724137931034,0.094827586206897,0.077586206896552,0.21551724137931,0.025862068965517]}