{"geo":{"area":2700000,"density":20},"econ":{"ptax":1,"ctax":0},"budget":[0.02803738317757,0.18691588785047,0.14018691588785,0.093457943925234,0.05607476635514,0.093457943925234,0.074766355140187,0.046728971962617,0.18691588785047,0.093457943925234]}