{"geo":{"area":63,"density":1600},"econ":{"ptax":0.14,"ctax":0},"budget":[0.055555555555556,0.11111111111111,0.12962962962963,0.064814814814815,0.055555555555556,0.037037037037037,0.13888888888889,0.12962962962963,0.14814814814815,0.12962962962963]}