{"geo":{"area":64749,"density":17},"econ":{"ptax":0.44,"ctax":0.25},"budget":[0.046511627906977,0.22093023255814,0.11627906976744,0.093023255813953,0.081395348837209,0.058139534883721,0.046511627906977,0.093023255813953,0.23255813953488,0.011627906976744]}