{"geo":{"area":405360,"density":130},"econ":{"ptax":0.3,"ctax":0},"budget":[0.26086956521739,0.043478260869565,0.08695652173913,0.043478260869565,0.1304347826087,0.043478260869565,0.043478260869565,0.043478260869565,0.1304347826087,0.17391304347826]}