{"geo":{"area":111,"density":65},"econ":{"ptax":0.06,"ctax":0.25},"budget":[0.13636363636364,0,0.10909090909091,0.13636363636364,0.13636363636364,0.090909090909091,0.13636363636364,0.12727272727273,0,0.12727272727273]}