{"geo":{"area":1184475,"density":90},"econ":{"ptax":0.13,"ctax":0.32},"budget":[0.19753086419753,0.11728395061728,0.16666666666667,0.067901234567901,0.098765432098765,0.12345679012346,0.049382716049383,0.061728395061728,0.030864197530864,0.08641975308642]}