{"geo":{"area":830000,"density":50},"econ":{"ptax":0.35,"ctax":0.5},"budget":[0.10891089108911,0.099009900990099,0.099009900990099,0.099009900990099,0.099009900990099,0.099009900990099,0.099009900990099,0.099009900990099,0.099009900990099,0.099009900990099]}